party,constituency,candidate
DMK,ALANDUR,T.M. Anbarasan
DMK,ALANGUDI,Siva V. Meyyanathan
DMK,ALANGULAM,Paul Manoj Pandian
DMK,AMBATTUR,Dr. A.P. Poornima
DMK,AMBUR,A.C. Vilvanathan
DMK,ANAIKATTU,A.P. Nandakumar
DMK,ANDIPATTI,A. Maharajan
DMK,ANNA NAGAR,N. Chitrarasu
DMK,ANTHIYUR,M. Sivabalan
DMK,ARANI,Mahalakshmi Govarthanan
DMK,ARAVAKURICHI,Monjanour R. Elango
DMK,ARCOT,J.L. Eswarappan
DMK,ARIYALUR,Latha Balu
DMK,ARUPPUKKOTTAI,K.K.S.S.R. Ramachandran
DMK,ATHOOR,I. Periyasamy
DMK,AVADI,S.M. Nasar
DMK,AVANASHI,V. Kokila Mani
DMK,BARGUR,D. Mathiyazhagan
DMK,BHAVANI,K.A. Chandrasekar
DMK,BHUVANAGIRI,Durai K. Saravanan
DMK,BODINAYAKKANUR,O. Panneerselvam
DMK,CHENGALPATTU,M.K.D. Karthik Dhandapani
DMK,CHENGAM,M.P. Giri
DMK,CHEPAUK-THIRUVALLIKENI,Udhayanidhi Stalin
DMK,CHEYYAR,O. Jothi
DMK,COIMBATORE NORTH,D. Senthamizh Selvan
DMK,COIMBATORE SOUTH,V. Senthilbalaji
DMK,COONOOR,K.M. Raju
DMK,CUMBUM,N. Ramakrishnan
DMK,DHARAPURAM,T. Indirani
DMK,DINDIGUL,I.P. Senthilkumar
DMK,DR. RADHAKRISHNAN NAGAR,J. John Ebenezer
DMK,EDAPPADI,C. Kasi
DMK,EGMORE,S. Prasanna
DMK,ERODE WEST,S. Muthusamy
DMK,GANGAVALLI,K. Chinnadurai
DMK,GINGEE,Gingee K.S. Masthan
DMK,GOBICHETTIPALAYAM,N. Nallasivam
DMK,GUDALUR,M. Thiravidamani
DMK,GUMMIDIPOONDI,T.J. Govindarajan
DMK,HARBOUR,P.K. Sekarbabu
DMK,HARUR,A. Shanmugam
DMK,JAYANKONDAM,K.S.K. Kannan
DMK,JOLARPET,Kavitha Dhandapani
DMK,KALASAPAKKAM,P.S.T. Saravanan
DMK,KANCHEEPURAM,S. Nithya
DMK,KANGAYAM,M.P. Saminathan
DMK,KANNIYAKUMARI,R. Mahesh
DMK,KARUR,Aasi M. Thiagarajan
DMK,KATPADI,Duraimurugan
DMK,KILPENNATHUR,K. Pichandi
DMK,KILVAITHINANKUPPAM,Dr. Rajeswari Mohangandhi
DMK,KINATHUKADAVU,S. Sabari Karthikeyan
DMK,KOLATHUR,M.K. Stalin
DMK,KOVILPATTI,K. Karunanidhi
DMK,KRISHNARAYAPURAM,C.K. Raja
DMK,KULITHALAI,Suriyanur A. Chandran
DMK,KUMARAPALAYAM,S. Balu
DMK,KUMBAKONAM,G. Anbalagan
DMK,KUNNAM,S.S. Sivasankar
DMK,KURINJIPADI,M.R.K. Panneerselvam
DMK,LALGUDI,T. Parivallal Thangavel
DMK,MADATHUKULAM,R. Jayaramakrishnan
DMK,MADHAVARAM,S. Sudharsanam
DMK,MADURAI CENTRAL,Palanivel Thiaga Rajan
DMK,MADURAI EAST,P. Moorthy
DMK,MADURAI NORTH,G. Thalapathi
DMK,MADURAI WEST,R. Balaji
DMK,MADURANTAKAM,S. Ponmalar
DMK,MADURAVOYAL,Karambakkam K. Ganapathy
DMK,MANAMADURAI,A. Tamilarasi
DMK,MANNACHANALLUR,S. Kathiravan
DMK,MANNARGUDI,T.R.B. Rajaa
DMK,METTUPALAYAM,K. Kavitha Sundaram
DMK,METTUR,M. Midhun Chakaravarthy
DMK,MUDUKULATHUR,R.S. Rajakannappan
DMK,MUSIRI,N.S. Karunairaaja
DMK,MYLAPORE,Dha. Velu
DMK,NAGERCOIL,S. Austin
DMK,NAMAKKAL,P. Rani
DMK,NEYVELI,Saba. Rajendran
DMK,NILAKOTTAI,S. Nagajothi
DMK,ORATHANADU,R. Vaithilingam
DMK,OTTANCHATRAM,R. Sakkarapani
DMK,OTTAPIDARAM,P.M. Ramajeyam
DMK,PALACODE,Dr. D.N.V. Senthilkumar
DMK,PALAYAMKOTTAI,M. Abdul Wahab
DMK,PALLADAM,K. Selvraj
DMK,PAPPIREDDIPPATTI,P. Palaniappan
DMK,PARAMAKUDI,K.K. Kathiravan
DMK,PARAMATHI VELUR,K.S. Moorthy
DMK,PATTUKKOTTAI,K. Annadurai
DMK,HOSUR,S.A. Sathya
DMK,PERAMBALUR,S.T. Jayalakshmi
DMK,PERAMBUR,R.D. Shekar
DMK,PERAVURANI,N. Asokkumar
DMK,PERUNDURAI,Thoppu N.D. Venkatachalam
DMK,POOMPUHAR,Nivedha M. Murugan
DMK,POONAMALLEE,A. Krishnaswamy
DMK,PUDUKKOTTAI,V. Muthuraja
DMK,RADHAPURAM,M. Appavu
DMK,RAJAPALAYAM,S. Thangapandian
DMK,RAMANATHAPURAM,Katharbatsha Muthuramalingam
DMK,RANIPET,Vinoth Gandhi
DMK,RASIPURAM,M. Mathiventhan
DMK,RISHIVANDIYAM,K. Karthikeyan
DMK,ROYAPURAM,Dr. A. Subairkhan
DMK,SAIDAPET,Ma. Subramanian
DMK,SALEM NORTH,R. Rajendran
DMK,SALEM SOUTH,M. Loganathan
DMK,SANKARAPURAM,T. Udhayasuriyan
DMK,SANKARI,M. Manikandan
DMK,SATTUR,A. Kadarkarai Raj
DMK,SENTHAMANGALAM,P. Poomalar
DMK,SHOLAVANDAN,A. Venkatesan
DMK,SHOLINGANALLUR,S. Aravind Ramesh
DMK,SRIRANGAM,S. Durairaj
DMK,SULUR,Thalapathi Murugeshan
DMK,T. NAGAR,Raja Anbalagan
DMK,TAMBARAM,Dr. R.S. Kiruthika Devi
DMK,TENKASI,Kalai Kathiravan
DMK,THANJAVUR,Shan. Ramanathan
DMK,THIRU-VI-KA-NAGAR,K.S. Ravichandran
DMK,THIRUCHULI,Thangam Thennarasu
DMK,THIRUMAYAM,S. Regupathy
DMK,THIRUPPARANKUNDRAM,Kiruthiga Thangapandi
DMK,THIRUVAIYARU,Durai. Chandrasekaran
DMK,THIRUVARUR,Poondi K. Kalaivanan
DMK,THIRUVIDAIMARUDUR,Govi. Chezhiaan
DMK,THONDAMUTHUR,N.R. Karthikeyan
DMK,THOOTHUKUDI,P. Geetha Jeevan
DMK,THOUSAND LIGHTS,Dr. Ezhilan Naganathan
DMK,TIRUCHENDUR,Anitha R. Radhakrishnan
DMK,TIRUKKOYILUR,Pon. Gowtham Sigamani
DMK,TIRUMANGALAM,Sedapatti M. Manimaran
DMK,TIRUNELVELI,S. Subramanian
DMK,TIRUPATTUR,A. Nallathambi
DMK,TIRUPATTUR,K.R. Periakaruppan
DMK,TIRUPPUR SOUTH,N. Dinesh Kumar
DMK,TIRUVALLUR,V.G. Rajendran
DMK,TIRUVANNAMALAI,E.V. Velu
DMK,THIRUVERUMBUR,Anbil Mahesh Poyyamozhi
DMK,TITTAKUDI,C.V. Ganesan
DMK,TIRUCHI EAST,Dr. S. Inigo Irudayaraj
DMK,TIRUCHI WEST,K.N. Nehru
DMK,UDUMALAIPETTAI,M. Jayakumar
DMK,ULUNDURPETTAI,G.R. Vasanthavel
DMK,UTHIRAMERUR,K. Sundar
DMK,VALPARAI,A. Sudhakar
DMK,VANDAVASI,S. Ambeth Kumar
DMK,VANUR,D. Gowtham
DMK,VASUDEVANALLUR,E. Raja
DMK,VEDARANYAM,M. Pugazhenthi
DMK,VEDASANDUR,D. Swaminathan
DMK,VEERAPANDI,Dr. A.K. Tarun
DMK,VELLORE,P. Karthikeyan
DMK,VEPPANAHALLI,P.S. Srinivasan
DMK,VIKRAVANDI,Anniyur Siva
DMK,VILATHIKULAM,G.V. Markandayan
DMK,VILLIVAKKAM,Karthik Mohan
DMK,VILLUPURAM,R. Lakshmanan
DMK,VIRALIMALAI,K.K. Chella Pandiyan
DMK,VIRUGAMBAKKAM,A.M.V. Prabhakara Raja
DMK,YERCAUD,T.M. Revathi Matheswaran
AIADMK,EDAPPADI,Edappadi K. Palaniswami
AIADMK,VEPPANAHALLI,K.P. Munusamy
AIADMK,DINDIGUL,Dindigul C. Sreenivasan
AIADMK,NATHAM,Natham R. Viswanathan
AIADMK,THONDAMUTHUR,S.P. Velumani
AIADMK,KUMARAPALAYAM,P. Thangamani
AIADMK,ROYAPURAM,D. Jayakumar
AIADMK,MAILAM,C.Ve. Shanmugam
AIADMK,MADURAI WEST,Sellur K. Raju
AIADMK,PALACODE,K.P. Anbalagan
AIADMK,NANNILAM,R. Kamaraj
AIADMK,VEDARANYAM,O.S. Manian
AIADMK,VIRALIMALAI,Dr. C. Vijayabaskar
AIADMK,KOVILPATTI,Kadambur C. Raju
AIADMK,TIRUMANGALAM,R.B. Udhayakumar
AIADMK,SIVAKASI,K.T. Rajenthra Bhalaji
AIADMK,MADURAVOYAL,P. Benjamin
AIADMK,KALASAPAKKAM,Agri S.S. Krishnamurthy
AIADMK,THIRUPPARANKUNDRAM,V.V. Rajan Chellappa
AIADMK,BHAVANI,K.C. Karuppannan
AIADMK,JOLARPET,K.C. Veeramani
AIADMK,KARUR,M.R. Vijayabhaskar
AIADMK,ARIYALUR,Thamarai S. Rajendran
AIADMK,GUMMIDIPOONDI,V. Sudhakar
AIADMK,PONNERI,Siruniam P. Balaraman
AIADMK,TIRUTTANI,Tiruttani K. Hari
AIADMK,THIRUVALLUR,B.V. Ramana
AIADMK,MADHAVARAM,Madhavaram V. Moorthy
AIADMK,THIRUVOTTIYUR,K. Kuppan
AIADMK,SRIPERUMBUDUR,K. Palani
AIADMK,TAMBARAM,Chitlapakkam C. Rajendran
AIADMK,CHENGALPATTU,M. Gaja Gajendran
AIADMK,CHEYYUR,E. Rajasekar
AIADMK,MADURANTAKAM,Maragatham Kumaravel
AIADMK,KANCHEEPURAM,V. Somasundaram
AIADMK,ARAKKONAM,S. Ravi
AIADMK,KATPADI,V. Ramu
AIADMK,ARCOT,S.M. Sukumar
AIADMK,VELLORE,S.R.K. Appu
AIADMK,ANAICUT,T. Velazhagan
AIADMK,GUDIYATHAM,G. Paritha Purushothaman
AIADMK,VANIYAMBADI,G. Senthilkumar
AIADMK,AMBUR,R. Venkatesan
AIADMK,UTHANGARAI,T.M. Tamilselvam
AIADMK,BARGUR,E.C. Govindarajan
AIADMK,KRISHNAGIRI,K. Ashokkumar
AIADMK,HOSUR,P. Balakrishna Reddy
AIADMK,PAPPIREDDIPATTI,Maragatham Vetrivel
AIADMK,AROOR,V. Sampathkumar
AIADMK,CHENGAM,T.S. Velu
AIADMK,KILPENNATHUR,S. Ramachandran
AIADMK,ARANI,L. Jayasudha
AIADMK,CHEYYAR,Mukkur N. Subramanian
AIADMK,VANDAVASI,P. Rani
AIADMK,TINDIVANAM,P. Arjunan
AIADMK,VANUR,P. Murugan
AIADMK,VILLUPURAM,K. Vijaya
AIADMK,TIRUKOILUR,S. Palanisamy
AIADMK,ULUNDURPETTAI,R. Kumaraguru
AIADMK,SANKARAPURAM,R. Rakesh
AIADMK,KALLAKURICHI,S. Rajiv Gandhi
AIADMK,GANGAVALLI,A. Nallathambi
AIADMK,ATTUR,A.P. Jayasankaran
AIADMK,YERCAUD,P. Usharani
AIADMK,OMALUR,R. Mani
AIADMK,METTUR,G. Venkatachalam
AIADMK,SANKAGIRI,S. Vetrivel
AIADMK,SALEM SOUTH,J. Vinoth
AIADMK,VEERAPANDI,Sri Balaji Sukumar
AIADMK,SENTHAMANGALAM,C. Chandrasekaran
AIADMK,NAMAKKAL,Sridevi P.S. Mohan
AIADMK,PARAMATHI VELUR,S. Sekar
AIADMK,TIRUCHENGODE,R. Chandrasekar
AIADMK,ERODE EAST,R. Manoharan
AIADMK,DHARAPURAM,P. Sathyabama
AIADMK,KANGAYAM,N.S.N. Nataraj
AIADMK,PERUNDURAI,J.K. Jayakumar
AIADMK,ANTHIYUR,P. Haribhaskar
AIADMK,GOBICHETTIPALAYAM,V.B. Prabhu
AIADMK,BHAVANISAGAR,A. Pannari
AIADMK,GUDALUR,Pon Jayaseelan
AIADMK,COONOOR,A. Ramu
AIADMK,METTUPALAYAM,O.K. Chinnaraj
AIADMK,TIRUPPUR NORTH,M.S.M. Anandan
AIADMK,PALLADAM,Palladam K.P. Paramasivam
AIADMK,SULUR,V.P. Kandasamy
AIADMK,GOUNDAMPALAYAM,P.R.G. Arunkumar
AIADMK,COIMBATORE SOUTH,Amman K. Arjunan
AIADMK,SINGANALLUR,K.R. Jayaram
AIADMK,KINATHUKADAVU,S. Damodaran
AIADMK,POLLACHI,Pollachi V. Jayaraman
AIADMK,VALPARAI,D. Lakshmana Singh
AIADMK,UDUMALAIPETTAI,Udumalai K. Radhakrishnan
AIADMK,PALANI,K. Ravi Manoharan
AIADMK,ATTUR,A. Viswanathan
AIADMK,NILAKOTTAI,S. Thenmozhi
AIADMK,VEDASANDUR,Dr. V.P.B. Paramasivam
AIADMK,ARAVAKURICHI,K. Selvakumar
AIADMK,KRISHNARAYAPURAM,Dr. S. Divya
AIADMK,KULITHALAI,S. Karunakaran
AIADMK,MANAPPARAI,Dr. P.L. Vijayakumar
AIADMK,SRIRANGAM,R. Manoharan
AIADMK,TIRUCHIRAPPALLI EAST,K. Rajasekaran
AIADMK,THIRUVERUMBUR,P. Kumar
AIADMK,LALGUDI,M. Leema Rose
AIADMK,MUSIRI,N. Yoganathan
AIADMK,THURAIYUR,E. Saroja
AIADMK,PERAMBALUR,Elambai R. Tamilselvan
AIADMK,NEYVELI,Sorathur S. Rajendran
AIADMK,PANRUTI,K. Mohan
AIADMK,CUDDALORE,M.C. Sampath
AIADMK,KURINJIPADI,A. Bhuvanendran
AIADMK,BHUVANAGIRI,A. Arunmozhithevan
AIADMK,CHIDAMBARAM,K.A. Pandiyan
AIADMK,SIRKAZHI,M. Sakthi
AIADMK,POOMPUHAR,S. Pounraj
AIADMK,NAGAPATTINAM,Thanga Kathiravan
AIADMK,THIRUTHURAIPOONDI,U. Baladandayutham
AIADMK,THIRUVIDAIMARUDUR,Ilamathi Subramanian
AIADMK,PAPANASAM,D. Shanmugaprabu
AIADMK,ORATHANADU,M. Sekar
AIADMK,PATTUKKOTTAI,C.V. Sekar
AIADMK,PERAVURANI,Govi Ilango
AIADMK,THIRUMAYAM,P.K. Vairamuthu
AIADMK,SIVAGANGA,P.R. Senthilnathan
AIADMK,MELUR,P. Periyapullan Selvam
AIADMK,MADURAI EAST,Mangulam K. Mahendran
AIADMK,SHOLAVANDAN,K. Manickam
AIADMK,MADURAI NORTH,Dr. P. Saravanan
AIADMK,USILAMPATTI,I. Mahendran
AIADMK,ANDIPATTI,A. Logirajan
AIADMK,BODINAYAKANUR,V.T. Narayanasamy
AIADMK,CUMBUM,S.T.K. Jakkaiyan
AIADMK,SRIVILLIPUTHUR,M. Chandraprabha
AIADMK,VIRUDHUNAGAR,V.G. Ganesan
AIADMK,ARUPPUKKOTTAI,S. Sethupathi
AIADMK,PARAMAKUDI,S. Muthiah
AIADMK,THIRUVADANAI,Keerthika Muniyasamy
AIADMK,MUDUKULATHUR,Malaysia S. Pandi
AIADMK,VILATHIKULAM,R. Sathya
AIADMK,THOOTHUKUDI,C.T. Chellappandian
AIADMK,SRIVAIKUNTAM,S.P. Shanmuganathan
AIADMK,SANKARANKOVIL,Dr. Dileepan Jaishankar
AIADMK,KADAYANALLUR,C. Krishnamurali
AIADMK,TENKASI,S. Selvamohandas
AIADMK,ALANGULAM,K.R.P. Prabhakaran
AIADMK,TIRUNELVELI,Thachai N. Ganesharaja
AIADMK,AMBASAMUDRAM,Isakki Subbaiah
AIADMK,PALAYAMKOTTAI,S. Syed Sultan Shamsudeen
AIADMK,KANNIYAKUMARI,N. Thalavaisundaram
AIADMK,THOUSAND LIGHTS,P. Valarmathi
AIADMK,ANNA NAGAR,S. Gokula Indira
AIADMK,CHEPAUK-TRIPLICANE,Adhirajaram
AIADMK,TITTAKUDI,N. Murugumaran
AIADMK,HARBOUR,Royapuram R. Mano
AIADMK,VIRUGAMBAKKAM,Virugai V.N. Ravi
AIADMK,T. NAGAR,B. Sathyanarayanan
AIADMK,VELACHERY,M.K. Ashok
AIADMK,SHOLINGANALLUR,K.P. Kandhan
AIADMK,DR. RADHAKRISHNAN NAGAR,R.S. Rajesh
AIADMK,VILLIVAKKAM,S.R. Vijayakumar
AIADMK,TIRUCHULI,M.S.R. Rajavarman
AIADMK,ALANDUR,S. Saravanan
AIADMK,KOLATHUR,P. Santhanakrishnan
AIADMK,THIRU. VI. KA. NAGAR,A. Porkodi
AIADMK,EGMORE,Abhishek Rangasamy
AIADMK,ALANGUDI,T. Vimal
TVK,PERAMBUR,C. Joseph Vijay
TVK,TIRUCHI EAST,C. Joseph Vijay
TVK,T. NAGAR,N. Anand
TVK,VILLIVAKKAM,Aadhav Arjuna
TVK,GOBICHETTIPALAYAM,K.A. Sengottaiyan
TVK,MYLAPORE,P. Venkataramanan
TVK,TIRUCHENGODE,K.G. Arunraaj
TVK,THIRUPPARANKUNDRAM,C.T.R. Nirmal Kumar
TVK,KUMARAPALAYAM,C. Vijayalakshmi
TVK,EGMORE,A. Rajmohan
TVK,LALGUDI,Ku.Pa. Krishnan
TVK,TIRUPPUR NORTH,V. Sathyabama
TVK,THOUSAND LIGHTS,J.C.D. Prabhakar
TVK,TITTAKUDI,A. Rajasekar
TVK,SAIDAPET,M. Arul Prakasam
TVK,VALPARAI,Dr. A. Sridharan
TVK,R.K. NAGAR,N. Maria Wilson
TVK,KOLATHUR,V.S. Babu
TVK,SHOLAVANDAN,M.V. Karuppiah
TVK,NANGUNERI,Reddiapatti Narayanan
TVK,GUMMIDIPOONDI,S. Vijayakumar
TVK,PONNERI,Dr. M.S. Ravi
TVK,TIRUTTANI,M. Sathyakumar
TVK,TIRUVALLUR,Dr. T. Arun Kumar
TVK,POONAMALLEE,R. Prakasam
TVK,AVADI,R. Rameshkumar
TVK,MADURAVOYAL,P. Revanth Saran
TVK,AMBATTUR,G. Balamurugan
TVK,MADHAVARAM,M.L. Vijay Prabhu
TVK,THIRUVOTTIYUR,N. Senthil Kumar
TVK,THIRU-VI-KA-NAGAR,M.R. Pallavi
TVK,ROYAPURAM,K.V. Vijay Thamu
TVK,HARBOUR,Sinora P.S. Ashok
TVK,CHEPAUK-THIRUVALLIKENI,T. Selvam
TVK,ANNA NAGAR,V.K. Ramkumar
TVK,VIRUGAMBAKKAM,R. Sabarinathan
TVK,VELACHERY,R. Kumar
TVK,SHOZHINGANALLUR,P. Saravanamoorthy
TVK,ALANDUR,M. Harish
TVK,SRIPERUMBUDUR,K. Thennarasu
TVK,PALLAVARAM,J. Kamatchi
TVK,TAMBARAM,D. Sarathkumar
TVK,CHENGALPATTU,S. Thiyagarajan
TVK,THIRUPORUR,B. Vijayaraj
TVK,CHEYYUR,K. Mohanraja
TVK,MADURANTAKAM,E. Ezhil Catherine
TVK,UTHIRAMERUR,J. Munirathinam
TVK,KANCHEEPURAM,R.V. Ranjith Kumar
TVK,ARAKKONAM,V. Gandhiraj
TVK,SHOLINGAR,Dr. G. Kapil
TVK,KATPADI,Dr. M. Sudhakar
TVK,RANIPET,I. Thaheera
TVK,ARCOT,G. Vijay Mohan
TVK,VELLORE,M.M. Vinoth Kannan
TVK,ANAIKATTU,R. Velmurugan
TVK,KILVAITHINANKUPPAM,E. Thendral Kumar
TVK,GUDIYATTAM,K. Sindhu
TVK,VANIYAMBADI,S. Sayed Burhanudeen
TVK,AMBUR,P. Imthiyas
TVK,JOLARPET,C. Munisamy
TVK,TIRUPATTUR,Dr. N. Thiruppathi
TVK,UTHANGARAI,P. Kumaravel
TVK,BARGUR,E. Muralidharan
TVK,KRISHNAGIRI,P. Mukundhan
TVK,VEPPANAHALLI,S.R. Sambangi
TVK,HOSUR,M. Ambarish
TVK,THALLI,G. Suresh
TVK,PALACODE,R. Gopi
TVK,PENNAGARAM,C. Gajendran
TVK,DHARMAPURI,M. Sivan
TVK,PAPPIREDDIPPATTI,S. Thilavathi
TVK,HARUR,K. Rakesh
TVK,CHENGAM,K. Bharathidhasan
TVK,TIRUVANNAMALAI,Arul Arumugam
TVK,KILPENNATHUR,D. Raja
TVK,KALASAPAKKAM,C. Elumalai
TVK,POLUR,R. Abishek
TVK,ARANI,V. Venkatesh Kumar
TVK,CHEYYAR,Dusi K. Mohan
TVK,VANDAVASI,M. Udhayakumar
TVK,GINGEE,V. Chandrasekaran
TVK,MAILAM,A. Vijay Niranjan
TVK,TINDIVANAM,S. Sakthivel
TVK,VANUR,G.P. Suresh
TVK,VILLUPURAM,N. Mohanraj
TVK,VIKRAVANDI,A. Vijay Vadivel
TVK,TIRUKKOYILUR,Vijay R. Baranibalaji
TVK,ULUNDURPETTAI,M. Sudhakar
TVK,RISHIVANDIYAM,G. Ashok Kumar
TVK,SANKARAPURAM,A. Jagadeesan
TVK,KALLAKURICHI,C. Arul Vignesh
TVK,GANGAVALLI,V. Sujatha
TVK,ATTUR,R. Selvabharathi
TVK,YERCAUD,J. Lakshmi
TVK,OMALUR,R.V. Adhiyaman
TVK,METTUR,K. Selvam
TVK,EDAPPADI,M. Arunkumar
TVK,SANGAGIRI,Senthilkumar
TVK,SALEM WEST,S. Lakshmanan
TVK,SALEM NORTH,K. Sivakumar
TVK,SALEM SOUTH,A. Vijay Tamilan Parthiban
TVK,VEERAPANDI,M.S. Palanivel
TVK,RASIPURAM,D. Lokesh Dhanapal
TVK,SENTHAMANGALAM,P. Chandrasekar
TVK,NAMAKKAL,C.S. Dileep
TVK,PARAMATHI-VELUR,A. Nandhakumar
TVK,ERODE EAST,M. Vijay Balaji
TVK,ERODE WEST,K.K. Anand Mohan
TVK,MODAKKURICHI,D. Shanmugam
TVK,DHARAPURAM,S. Gowri Chithra
TVK,KANGEYAM,P. Mani
TVK,PERUNDURAI,V.P. Arunachalam
TVK,BHAVANI,M.P. Balakrishnan
TVK,ANTHIYUR,M. Vijay Venkatesh
TVK,BHAVANISAGAR,V.P. Tamil Selvi
TVK,UDHAGAMANDALAM,R. Ibrahim
TVK,GUDALUR,A. Deepak Sai Kishore
TVK,COONOOR,C. Thangaraju
TVK,METTUPPALAYAM,N. Sunil Anand
TVK,AVANASHI,S. Kamali
TVK,TIRUPPUR SOUTH,S. Balamurugan
TVK,PALLADAM,K. Ramkumar
TVK,SULUR,N.M. Sukumar
TVK,KAVUNDAMPALAYAM,R.D. Kanimozhi
TVK,COIMBATORE NORTH,V. Sampathkumar
TVK,THONDAMUTHUR,R. Sathish Raju
TVK,COIMBATORE SOUTH,V. Senthil Kumar
TVK,SINGANALLUR,K.S. Giriprasath
TVK,KINATHUKADAVU,K. Vignesh
TVK,POLLACHI,G. Ramanathan
TVK,UDUMALAIPETTAI,G.K. Shankar
TVK,MADATHUKULAM,R. Thirumalai
TVK,PALANI,Dr. M. Praveen Kumar
TVK,ODDANCHATRAM,S. Mohan
TVK,ATHOOR,N. Kalaiselvi
TVK,NILAKKOTTAI,R. Ayyanar
TVK,NATHAM,L.N. Ramesh
TVK,DINDIGUL,G. Nazeer Raja
TVK,VEDASANDUR,Dr. N. Nagajothi
TVK,ARAVAKURICHI,P. Karthikeyan
TVK,KARUR,V.P. Mathiyazhagan
TVK,KRISHNARAYAPURAM,S. Madhan
TVK,KULITHALAI,G. Balasubramani
TVK,MANAPPARAI,R. Kathiravan
TVK,SRIRANGAM,S. Ramesh
TVK,TIRUCHI WEST,G. Ramamoorthy
TVK,THIRUVERUMBUR,Navalpattu S. Viji
TVK,MANACHANALLUR,V. Saravanan
TVK,MUSIRI,M. Vignesh
TVK,THURAIYUR,M. Ravishankar
TVK,PERAMBALUR,K. Sivakumar
TVK,KUNNAM,M. Revathi
TVK,ARIYALUR,M. Sivakumar
TVK,JAYANKONDAM,Kavitha G. Rajendran
TVK,VRIDHACHALAM,S. Vijay
TVK,NEYVELI,K. Anand
TVK,PANRUTI,M. Manikandan
TVK,CUDDALORE,B. Rajkumar
TVK,KURINJIPADI,D. Rajkumar
TVK,BHUVANAGIRI,T. Mahalingam
TVK,CHIDAMBARAM,Dr. N. Pari
TVK,KATTUMANNARKOIL,Dr. S. Seenuvasan
TVK,SIRKAZHI,C.S. Gopinath
TVK,MAYILADUTHURAI,S.S. Haroon Rasheeth
TVK,POOMPUHAR,J. Vijayalayan
TVK,NAGAPATTINAM,M. Sukumar
TVK,KILVELUR,T.A.P. Senthil Pandiyan
TVK,VEDARANYAM,A. Kingsley Gerald
TVK,THIRUTHURAIPOONDI,S. Pandiyan
TVK,MANNARGUDI,U.V.M. Rajarajan
TVK,THIRUVARUR,V. Veeramani
TVK,NANNILAM,S. Prabhakaran
TVK,THIRUVIDAIMARUDUR,S. Prabhakaran
TVK,KUMBAKONAM,R. Vinoth
TVK,PAPANASAM,U. Azarudeen
TVK,THIRUVAIYARU,M. Manikandan
TVK,THANJAVUR,R. Vijay Saravanan
TVK,ORATHANADU,K. Aravind
TVK,PATTUKKOTTAI,C. Madhan
TVK,PERAVURANI,D. Chandrakaandeeban
TVK,GANDHARVAKOTTAI,N. Subramanian
TVK,VIRALIMALAI,P. Murugesan
TVK,PUDUKKOTTAI,K.M. Shareef
TVK,THIRUMAYAM,C. Sindhamani
TVK,ALANGUDI,Durai Kandasamy
TVK,ARANTHANGI,J. Mohamad Parvez
TVK,KARAIKUDI,Dr. T.K. Prabhu
TVK,TIRUPPATTUR,Srinivasa Sethupathi
TVK,SIVAGANGA,Kulandhai Rani Nachiar
TVK,MANAMADURAI,D. Ilangovan
TVK,MELUR,A. Madurai Veeran
TVK,MADURAI EAST,S. Karthikeyan
TVK,MADURAI NORTH,A. Kallanai
TVK,MADURAI SOUTH,J. Jo Peter
TVK,MADURAI CENTRAL,V.M.S. Mustafa
TVK,MADURAI WEST,S.R. Thangapandi
TVK,THIRUMANGALAM,N. Sathishkumar
TVK,USILAMPATTI,M. Vijay
TVK,ANDIPATTI,V. Pandi
TVK,PERIYAKULAM,G. Sabari
TVK,BODINAYAKANUR,S. Prakash
TVK,CUMBUM,P.L.A. Jaganath Mishra
TVK,RAJAPALAYAM,K. Jagadeeswari
TVK,SRIVILLIPUTHUR,A. Karthik
TVK,SATTUR,M. Ajith
TVK,SIVAKASI,S. Keerthana
TVK,VIRUDHUNAGAR,S.P. Selvam
TVK,ARUPPUKKOTTAI,K. Karthik Kumar
TVK,TIRUCHULI,S. Samayan
TVK,PARAMAKUDI,G. Gopirajan
TVK,TIRUVADANAI,V.K. Rajiv
TVK,RAMANATHAPURAM,E.A. Sahul Hameed
TVK,MUDUKULATHUR,B. Malarvizhi Jayabala
TVK,VILATHIKULAM,P. Kasiram
TVK,THOOTHUKUDI,A. Srinath
TVK,TIRUCHENDUR,J. Murugan
TVK,SRIVAIKUNTAM,G. Saravanan
TVK,OTTAPIDARAM,P. Madhanraja
TVK,KOVILPATTI,S. Balasubramanian
TVK,SANKARANKOVIL,C. Ramarajan
TVK,VASUDEVANALLUR,R. Amudha Rani
TVK,KADAYANALLUR,R.K. Abdul Jalil
TVK,TENKASI,A. Rajaprakash
TVK,ALANGULAM,V. Vipin Chakravarthi
TVK,TIRUNELVELI,R.S. Murugan
TVK,AMBASAMUDRAM,S. Rajagopal
TVK,PALAYAMKOTTAI,S. Maria John
TVK,RADHAPURAM,K. Satheesh Christopher
TVK,KANNIYAKUMARI,S.R. Madhavan
TVK,NAGERCOIL,G. Perveen King
TVK,COLACHEL,Dr. Prem Alex Lawrence
TVK,PADMANABHAPURAM,S. Krishnakumar
TVK,VILAVANCODE,K. Michael Kumar
TVK,KILLIYOOR,S. Sabeen
INC,PONNERI,Durai Chandrasekar
INC,VELACHERY,JMH Aassan Maulaana
INC,SRIPERUMBUDUR,K. Selvaperunthagai
INC,SHOLINGUR,A.M. Munirathinam
INC,UTHANGARAI,R. Kuppu Saamy
INC,KRISHNAGIRI,Dr. A. Chella Kumar
INC,PENNAGARAM,GKM Tamil Kumaran
INC,ATTUR,S K Arthanari
INC,ERODE (EAST),Gopinath Palaniyappan
INC,UDHAGAMANDALAM,B. Ramachandran
INC,KAVUNDAMPALAYAM,K.P. Surya Prakash
INC,SINGANALLUR,V. Shrinithi Naidu
INC,THURAIYUR,M. Vichu Lenin Prasath
INC,CUDDALORE,A.S. Chandrasekaran
INC,MAYILADUTHURAI,Jamal Yunus Mohammed
INC,ARANTHANGI,T. Rama Chandhiran
INC,KARAIKUDI,S. Mangudi
INC,USILAMPATTI,T. Saravana Kumar
INC,SIVAKASI,Ganesan Ashokan
INC,TIRUVADANAI,Rama Karumanickam
INC,SRIVAIKUNTAM,S. Oorvashi Amirtharaj
INC,SANKARANKOVIL,Sangai Ganeshan
INC,AMBASAMUDRAM,V.P. Durai
INC,NANGUNERI,Ruby Manoharan
INC,COLACHEL,Dr. Tharagai Cuthbert
INC,VILAVANCODE,T.T. Praveen
INC,KILLIYOOR,S. Rajesh Kumar
BJP,AVADI,M. Rajasimha Mahindra
BJP,MYLAPORE,Tamilisai Soundararajan
BJP,THALLI,Nagesh Kumar
BJP,TIRUVANNAMALAI,C. Elumalai
BJP,RASIPURAM,S.D. Premkumar
BJP,MODAKKURICHI,Kirthika Shivkumar
BJP,UDHAGAMANDALAM,Bhojarajan
BJP,AVANASHI,L. Murugan
BJP,TIRUPPUR (SOUTH),S. Thangaraj
BJP,COIMBATORE (NORTH),Vanathi Srinivasan
BJP,THIRUVARUR,Govi Chandru
BJP,THANJAVUR,M. Muruganandam
BJP,GANDHARVAKOTTAI,C. Udhayakumar
BJP,PUDUKKOTTAI,N. Ramachandran
BJP,ARANTHANGI,Kavitha Srikanth
BJP,TIRUPPATTUR,K.C. Thirumaran
BJP,MANAMADURAI,Pon. V. Balaganapathy
BJP,MADURAI SOUTH,Raama Sreenivasan
BJP,SATTUR,Nainar Nagenthran
BJP,RAMANATHAPURAM,GBS K. Nagendran
BJP,TIRUCHENDUR,KRM Radhakrishnan
BJP,VASUDEVANALLUR,Ananthan Ayyasamy
BJP,RADHAPURAM,S.P. Balakrishnan
BJP,NAGERCOIL,M.R. Gandhi
BJP,COLACHEL,T. Sivakumar
BJP,PADMANABHAPURAM,P. Ramesh
BJP,VILAVANCODE,S. Vijayadharani
CPIM,GANDHARVAKOTTAI,M. Chinnadurai
CPIM,KILVELUR,D. Latha
CPIM,PADMANABHAPURAM,R. Chellasamy
CPIM,PALANI,N. Pandi
CPIM,THIRUVOTTIYUR,L. Sundararajan
CPI,BHAVANISAGAR,P.L. Sundaram
CPI,THALLI,T. Ramachandran
CPI,SRIVILLIPUTHUR,P. Mahalingam
CPI,THIRUTHURAIPOONDI,Marimuthu K.
CPI,TIRUPPUR (NORTH),M. Ravi
PMK,PERAMBUR,M. Thilagabama
PMK,DHARMAPURI,Dr. Sowmiya Anbumani
PMK,VRIDHACHALAM,Dr. Tamilarasi Adhimoolam
PMK,SALEM WEST,M. Karthi
PMK,PENNAGARAM,Paadi V. Selvam
PMK,POLUR,C.R. Bhaskaran
PMK,THIRUPORUR,K. Balu
PMK,JAYANKONDAM,K. Vaithi
PMK,SALEM NORTH,S. Sadasivam
PMK,VIKRAVANDI,C. Sivakumar
PMK,SHOLINGUR,K. Saravanan
PMK,MAYILADUTHURAI,Sithamalli A. Palanichamy
PMK,UTHIRAMERUR,P. Maheshkumar
PMK,RISHIVANDIYAM,A.P. Chezhiyan
PMK,KATTUMANNARKOIL,Dr. Anbu Cholan
VCK,TINDIVANAM,Vanniyarasu
VCK,PERIYAKULAM,Sakthivel
VCK,KALLAKURICHI,Malathi
VCK,PANRUTI,Abdul Rahman
VCK,KATTUMANNARKOIL,Thol. Thirumavalavan
VCK,CHEYYUR,Sindhanai Selvan
VCK,ARAKKONAM,Ezhil Caroline
VCK,THIRUPORUR,Panneerdas
NTK,GUMMIDIPOONDI,Sridhar
NTK,PONNERI,Rajathi
NTK,TIRUTTANI,Chandran
NTK,THIRUVALLUR,Senthil Kumar
NTK,POONAMALLEE,Mehala
NTK,AVADI,Punitha
NTK,MADURAVOYAL,Revathi
NTK,AMBATTUR,Aadhithan
NTK,MADHAVARAM,Kruthika Elumalai
NTK,THIRUVOTTIYUR,Sathya Baskar
NTK,DR.RADHAKRISHNAN NAGAR,Vennila Thayumanavan
NTK,PERAMBUR,Vetrithamizhan
NTK,KOLATHUR,Soundrapandian
NTK,VILLIVAKKAM,Roshini
NTK,THIRU-VI-KA-NAGAR,Jegadeesh Chander
NTK,EGMORE,Saranya
NTK,ROYAPURAM,Babumailan
NTK,HARBOUR,Rufhkhan Sheriff
NTK,CHEPAUK-THIRUVALLIKENI,Ayisha Beham
NTK,THOUSAND LIGHTS,Kalanjiyam
NTK,ANNA NAGAR,C. Shankar
NTK,VIRUGAMBAKKAM,Santhosh
NTK,SAIDAPET,Srividhya
NTK,T. NAGAR,Anusha Vijayakumar
NTK,MYLAPORE,Arun
NTK,VELACHERY,Keerthana
NTK,SHOLINGANALLUR,jayalakshmi Raman
NTK,ALANDUR,Mahalakshmi
NTK,SRIPERUMBUDUR,Sindhu
NTK,PALLAVARAM,Karthikeyan
NTK,TAMBARAM,Tamilselvi
NTK,CHENGALPATTU,Amutha Nambiyar
NTK,THIRUPORUR,Ambethrajan
NTK,CHEYYUR,Swathi Lakshmi
NTK,MADURANTAKAM,Janaki Raman
NTK,UTHIRAMERUR,Maram maasilamani
NTK,KANCHEEPURAM,Vetriselvi
NTK,ARAKKONAM,Raj Kumar
NTK,SHOLINGUR,Ashok Kumar
NTK,KATPADI,Thirukumaran
NTK,RANIPET,Tharikka salman
NTK,ARCOT,Archaha
NTK,VELLORE,Soniya
NTK,ANAIKATTU,Ravi Kumar
NTK,KILVAITHINANKUPPAM,Kalaiyendri
NTK,GUDIYATTAM,Imalan
NTK,VANIYAMBADI,Murugesan
NTK,AMBUR,Afsia Thoufic Bikrid
NTK,JOLARPET,Sasi Rekha
NTK,TIRUPATTUR,Aarumugam
NTK,UTHANGARAI,Megala
NTK,BARGUR,Kavin
NTK,KRISHNAGIRI,Suganthi Parthiban
NTK,VEPPANAHALLI,Nagaraj
NTK,HOSUR,Stalin
NTK,THALLI,Narasimman
NTK,PALACODE,Boopathy
NTK,PENNAGARAM,Palaniyammal
NTK,DHARMAPURI,Santha Lakshmi
NTK,PAPPIREDDIPPATTI,Archana Tamil Aruvi
NTK,HARUR,Anitha Annadurai
NTK,CHENGAM,J Shobha
NTK,TIRUVANNAMALAI,Vignesh
NTK,KILPENNATHUR,V. Loganathan
NTK,KALASAPAKKAM,Seetha
NTK,POLUR,umadevi prakash
NTK,ARANI,Thavamani Ramesh
NTK,CHEYYAR,Tamil Selvan
NTK,VANDAVASI,Ganesh
NTK,GINGEE,Krishnan
NTK,MAILAM,Vijay Vikram
NTK,TINDIVANAM,Petchimuthu
NTK,VANUR,Karikazhan
NTK,VILLUPURAM,Abhinaya Ponnivalavan
NTK,VIKRAVANDI,Suba chandrasekaran
NTK,TIRUKKOYILUR,Hemarajan
NTK,ULUNDURPETTAI,Logeshwari
NTK,RISHIVANDIYAM,Radhika
NTK,SANKARAPURAM,Ramesh
NTK,KALLAKURICHI,Nagammal
NTK,GANGAVALLI,Abirami Neduncheralathan
NTK,ATTUR,Monisha chinnadurai
NTK,YERCAUD,Palanisamy
NTK,OMALUR,Siva Sakthi
NTK,METTUR,Vidhya Veerapan
NTK,EDAPPADI,Priyadharshini
NTK,SANKARI,Nithya Arul
NTK,SALEM (WEST),Suresh Kumar
NTK,SALEM (NORTH),Gunaseela
NTK,SALEM (SOUTH),Sophiya
NTK,VEERAPANDI,Rajesh Kumar
NTK,RASIPURAM,Sasikala
NTK,SENTHAMANGALAM,Ponnumani
NTK,NAMAKKAL,Praveen
NTK,PARAMATHI-VELUR,Aravindh
NTK,TIRUCHENGODE,Revathi
NTK,KUMARAPALAYAM,Yuvarani
NTK,ERODE (EAST),Thandava Moorthy
NTK,ERODE (WEST),Vijay
NTK,MODAKKURICHI,Arun
NTK,DHARAPURAM,divya
NTK,KANGAYAM,Karmegan
NTK,PERUNDURAI,Logu
NTK,BHAVANI,Menaka Devi
NTK,ANTHIYUR,Anandhi
NTK,GOBICHETTIPALAYAM,Seetha Lakshmi
NTK,BHAVANISAGAR,Soundarya
NTK,UDHAGAMANDALAM,Ragupathu Deepan
NTK,GUDALUR,Karthik Ramakrishnan
NTK,COONOOR,dheenu
NTK,METTUPALAYAM,Gopalakrishnan
NTK,AVANASHI,Menaga
NTK,TIRUPPUR (NORTH),Abhinaya
NTK,TIRUPPUR (SOUTH),Perarivalan
NTK,PALLADAM,Thamizhinian
NTK,SULUR,Rajasekhar
NTK,KAVUNDAMPALAYAM,Kalamani
NTK,COIMBATORE (NORTH),Narmatha
NTK,THONDAMUTHUR,Rajabunisha
NTK,COIMBATORE (SOUTH),Perarivalan
NTK,SINGANALLUR,Nehruji
NTK,KINATHUKADAVU,Banupriya senthil kumar
NTK,POLLACHI,Senthil
NTK,VALPARAI,Uma Devi
NTK,UDUMALAIPETTAI,Ram Kumar
NTK,MADATHUKULAM,Radhamani
NTK,PALANI,Murugeshwari
NTK,ODDANCHATRAM,Ragupathi
NTK,ATHOOR,Simon Justin
NTK,NILAKKOTTAI,Kailai Rajan
NTK,NATHAM,Alagammal
NTK,DINDIGUL,Mutharasi
NTK,VEDASANDUR,Hussain
NTK,ARAVAKURICHI,Narain
NTK,KARUR,Karuppaiah
NTK,KRISHNARAYAPURAM,Sathya
NTK,KULITHALAI,Nanmaran
NTK,MANAPPARAI,Arunagiri
NTK,SRIRANGAM,Dharmaraj
NTK,TIRUCHIRAPPALLI (WEST),Bhuvaneshwari
NTK,TIRUCHIRAPPALLI (EAST),Krishnasamy
NTK,THIRUVERUMBUR,Jallikattu Rajesh
NTK,LALGUDI,Madhan
NTK,MANACHANALLUR,Thenmozhi
NTK,MUSIRI,Bakya Lakshmi
NTK,THURAIYUR,Gowsalya Suresh
NTK,PERAMBALUR,Johnsy Rani
NTK,KUNNAM,Keerthi vasan
NTK,ARIYALUR,Pugalendhi
NTK,JAYANKONDAM,Revathi Kalaimani
NTK,TITTAKUDI,Mahalakshmi
NTK,VRIDHACHALAM,Amudha nambi
NTK,NEYVELI,Veeramani
NTK,PANRUTI,Banu Priya
NTK,CUDDALORE,sarasu
NTK,KURINJIPADI,Sengolan
NTK,BHUVANAGIRI,Sumathi Srinivasan
NTK,CHIDAMBARAM,Tamil
NTK,KATTUMANNARKOIL,Sivajothi
NTK,SIRKAZHI,Subash
NTK,MAYILADUTHURAI,Kasiraman
NTK,POOMPUHAR,Ilaiya Nagulan
NTK,NAGAPATTINAM,Fathima Farhana
NTK,KILVELUR,Karthiga
NTK,VEDARANYAM,Idumbavanam Karthik
NTK,THIRUTHURAIPOONDI,Vinothini
NTK,MANNARGUDI,Bharathi Selvan
NTK,THIRUVARUR,Ashwini
NTK,NANNILAM,Theanmozhi Dileep Kumar
NTK,THIRUVIDAIMARUDUR,Divya Bharathi
NTK,KUMBAKONAM,Ananth
NTK,PAPANASAM,Aneesh Fathima
NTK,THIRUVAIYARU,Senthilnathan
NTK,THANJAVUR,Krishna Kumar
NTK,ORATHANADU,Thirumurugan
NTK,PATTUKKOTTAI,Kannan
NTK,PERAVURANI,Rajaram
NTK,GANDHARVAKOTTAI,Nadiya Tamilselvan
NTK,VIRALIMALAI,Sathya Laxshmi
NTK,PUDUKKOTTAI,Ezhilarasi
NTK,THIRUMAYAM,Lakshmi Srinivasan
NTK,ALANGUDI,Rajaraman
NTK,ARANTHANGI,Muthu Lakshmi
NTK,KARAIKUDI,Seeman
NTK,TIRUPPATTUR,Ramya mohan
NTK,SIVAGANGA,Indhuja Ramesh
NTK,MANAMADURAI,Shanmugapriya
NTK,MELUR,Kottai Kumar
NTK,MADURAI EAST,Selvam
NTK,SHOLAVANDAN,Nagalakshmi Thirumaran
NTK,MADURAI NORTH,Thirunavukkarasu
NTK,MADURAI SOUTH,Sathya devi
NTK,MADURAI CENTRAL,Durga kumaraswamy
NTK,MADURAI WEST,Vignesh kumar
NTK,THIRUPPARANKUNDRAM,Sathya devi
NTK,THIRUMANGALAM,Munis
NTK,USILAMPATTI,Abirami Dhanapal
NTK,ANDIPATTI,Arunadevi
NTK,PERIYAKULAM,Vimala
NTK,BODINAYAKANUR,Kalaiyarasu
NTK,CUMBUM,Anbu Selvi
NTK,RAJAPALAYAM,Karthik
NTK,SRIVILLIPUTHUR,Karikala pandiyan
NTK,SATTUR,Anandha Raja
NTK,SIVAKASI,Dayana
NTK,VIRUDHUNAGAR,Laxmanan
NTK,ARUPPUKKOTTAI,Manimaran
NTK,TIRUCHULI,Karthick raja
NTK,PARAMAKUDI,Ezhil izhavarasi
NTK,TIRUVADANAI,Premnath
NTK,RAMANATHAPURAM,Muthu kesavan
NTK,MUDUKULATHUR,Chandra Prabha
NTK,VILATHIKULAM,Balaji
NTK,THOOTHUKUDI,Jacob Abhishek devadasan
NTK,TIRUCHENDUR,Obiliya
NTK,SRIVAIKUNTAM,Shanmugasundaram
NTK,OTTAPIDARAM,Anusiya
NTK,KOVILPATTI,Pandi
NTK,SANKARANKOVIL,Kavitha
NTK,VASUDEVANALLUR,Isai Mathivanan
NTK,KADAYANALLUR,Abubakar Siddique
NTK,TENKASI,Gowshik Pandiyan
NTK,ALANGULAM,Palraj
NTK,TIRUNELVELI,Sathya
NTK,AMBASAMUDRAM,Sivasankaran
NTK,PALAYAMKOTTAI,Sankara narayanan
NTK,NANGUNERI,Selvam
NTK,RADHAPURAM,Girija Thamaraipandiyan
NTK,KANNIYAKUMARI,Maria Jenifer
NTK,NAGERCOIL,Muthukumar
NTK,COLACHEL,Ancy Sobha Rani
NTK,PADMANABHAPURAM,Seelan
NTK,VILAVANCODE,Maria Stella
NTK,KILLIYOOR,Himler
